,pos,rank,flowName,sim
0,25855,1,54.145.30.137_192.168.224.88,0.8155690360484847
1,25855,2,192.168.224.88_213.199.38.97,0.811842777317095
2,25855,3,192.168.224.88_54.145.30.137,0.8101044878183665
3,25855,4,192.168.224.88_13.231.190.41,0.7975044034672472
4,25855,5,192.168.224.88_95.217.108.172,0.795926766158111
5,25855,6,192.168.224.88_44.204.231.75,0.7621083458783898
6,25855,7,192.168.224.88_162.55.103.190,0.7488056415380522
7,25855,8,192.168.224.88_51.91.70.64,0.747060536176423
8,25855,9,44.204.231.75_192.168.224.88,0.7357449777923788
9,25855,10,192.168.224.88_193.42.110.30,0.7329574340886095
10,25855,11,193.42.110.30_192.168.224.88,0.7051843007945989
11,25855,12,13.231.190.41_192.168.224.88,0.6848348875354708
12,25855,13,213.199.38.97_192.168.224.88,0.6698203634097415
13,25855,14,162.55.103.190_192.168.224.88,0.6576479265105731
14,25855,15,192.168.140.154_192.168.3.94,0.6291274254744866
15,25855,16,95.217.108.172_192.168.224.88,0.6042083711896589
16,25855,17,15.235.212.89_192.168.226.50,0.5961264349447181
17,25855,18,3.95.44.182_192.168.49.170,0.5741241247194107
18,25855,19,192.168.226.199_192.168.93.70,0.5714833974826421
19,25855,20,192.168.17.46_192.168.24.162,0.5701896278079385
20,25855,21,192.168.226.219_3.208.223.162,0.570005417360375
21,25855,22,192.168.42.28_192.168.51.128,0.5679995621502723
22,25855,23,192.168.24.162_192.168.22.203,0.5655390361846736
23,25855,24,192.168.246.145_162.159.130.86,0.5540624693343866
24,25855,25,192.168.22.21_192.168.29.165,0.5472724370732637
25,25855,26,192.168.32.150_3.7.13.58,0.5460037503364046
26,25855,27,192.168.140.152_192.168.3.94,0.5451922495879836
27,25855,28,192.168.15.216_192.168.15.215,0.5434444439481475
28,25855,29,37.187.147.119_192.168.226.160,0.5431471873906095
29,25855,30,192.168.23.103_3.108.46.16,0.5416667209572242
30,25855,31,192.168.226.219_18.232.36.208,0.5415021234829436
31,25855,32,192.168.49.190_3.108.107.38,0.5403218879421255
32,25855,33,192.168.24.162_192.168.17.46,0.539646786855942
33,25855,34,192.168.140.141_192.168.3.94,0.5390718123068382
34,25855,35,192.168.49.141_65.0.200.43,0.5387928011821808
35,25855,36,192.168.52.161_192.168.93.70,0.5383885405025072
36,25855,37,192.168.54.125_20.192.44.78,0.5377536212516231
37,25855,38,192.168.3.21_192.168.30.126,0.5369358310464918
38,25855,39,192.168.29.165_3.108.125.57,0.5358968163488722
39,25855,40,3.108.125.57_192.168.33.142,0.5344708436564136
40,25855,41,3.7.13.58_192.168.30.126,0.5334698542335058
41,25855,42,192.168.31.81_65.0.200.43,0.5327520904617907
42,25855,43,192.168.93.70_192.168.226.199,0.5323083586882049
43,25855,44,192.168.1.170_192.168.39.141,0.5320165785276697
44,25855,45,192.168.226.50_188.148.83.134,0.5308112272202524
45,25855,46,65.0.200.43_192.168.31.81,0.5301775025041667
46,25855,47,3.7.13.58_192.168.32.150,0.5278611464750809
47,25855,48,192.168.32.150_13.232.193.230,0.5263611346659375
48,25855,49,65.0.226.14_192.168.33.142,0.5253524828156619
49,25855,50,192.168.16.74_192.168.29.165,0.525264290820866
50,25855,51,192.168.140.123_192.168.3.94,0.525229497374742
51,25855,52,192.168.29.165_192.168.30.223,0.5252000743351107
52,25855,53,192.168.22.101_192.168.29.165,0.5251998853771884
53,25855,54,3.108.30.176_192.168.22.69,0.5230100561966899
54,25855,55,192.168.140.158_192.168.3.94,0.522844194672383
55,25855,56,192.168.30.126_3.7.13.58,0.5227319439433828
56,25855,57,192.168.49.138_3.7.13.58,0.5220634845699722
57,25855,58,192.168.226.199_192.168.65.0,0.5219128502651406
58,25855,59,192.168.65.0_192.168.226.199,0.5213546190558852
59,25855,60,192.168.140.144_192.168.3.94,0.5211829503489666
60,25855,61,192.168.31.81_13.232.193.230,0.5209562272487351
61,25855,62,192.168.3.91_192.168.39.141,0.5208916269480991
62,25855,63,192.168.226.50_91.227.52.86,0.5208023810997237
63,25855,64,54.165.98.184_192.168.34.130,0.51913887863478
64,25855,65,3.108.107.38_192.168.226.0,0.5141775995572209
65,25855,66,3.7.13.58_192.168.29.165,0.5139913498177598
66,25855,67,192.168.52.8_163.70.144.60,0.5137705663989337
67,25855,68,3.109.12.90_192.168.33.142,0.5130590295738164
68,25855,69,192.168.25.164_192.168.3.67,0.5120700757549717
69,25855,70,192.168.140.138_192.168.3.94,0.5115160446946799
70,25855,71,192.168.226.0_3.108.35.59,0.5104027769816806
71,25855,72,192.168.23.103_3.108.125.57,0.509907342814272
72,25855,73,192.168.33.142_3.108.125.57,0.5085777245516182
73,25855,74,192.168.226.0_3.108.125.57,0.5076292699147694
74,25855,75,3.108.125.57_192.168.29.165,0.5063183015789273
75,25855,76,192.168.25.164_192.168.3.34,0.5062894969943076
76,25855,77,192.168.50.252_104.18.39.102,0.5046669090854001
77,25855,78,192.168.39.141_192.168.1.170,0.5044941239927155
78,25855,79,3.108.30.176_192.168.31.81,0.5029871869432956
79,25855,80,3.108.30.176_192.168.32.150,0.502484691184186
80,25855,81,192.168.140.140_192.168.3.94,0.5017719575897285
81,25855,82,192.168.42.28_192.168.50.224,0.5017405818312615
82,25855,83,3.108.125.57_192.168.226.0,0.5009464728462991
83,25855,84,18.232.36.208_192.168.226.219,0.5003183274702492
84,25855,85,192.168.93.70_192.168.52.161,0.5003146174302167
85,25855,86,192.168.226.50_31.201.159.5,0.5000120811144834
86,25855,87,192.168.246.174_192.168.22.52,0.4998063244869076
87,25855,88,34.120.52.64_192.168.25.164,0.4979910157237046
88,25855,89,192.168.31.73_192.168.29.165,0.4970766514874947
89,25855,90,192.168.49.141_3.108.35.59,0.4970743455998654
90,25855,91,192.168.22.69_3.108.30.176,0.4966157665633346
91,25855,92,192.168.54.126_192.168.2.228,0.496111981941757
92,25855,93,192.168.30.126_3.108.125.57,0.4960917186466581
93,25855,94,192.168.226.225_51.89.42.214,0.4959692504254221
94,25855,95,192.168.28.104_13.232.193.230,0.4952862843299394
95,25855,96,65.0.200.43_192.168.49.141,0.4947395572396402
96,25855,97,34.120.52.64_192.168.31.168,0.4945190722803751
97,25855,98,192.168.29.165_192.168.19.226,0.4944149188969162
98,25855,99,34.120.83.142_192.168.50.48,0.4942533437130697
99,25855,100,192.168.31.81_3.108.30.176,0.4942379681463442
10000,25896,1,192.168.224.88_213.199.38.97,0.7907193834023136
10001,25896,2,192.168.224.88_193.42.110.30,0.7771952102460097
10002,25896,3,192.168.224.88_95.217.108.172,0.7703068666430248
10003,25896,4,192.168.224.88_13.231.190.41,0.7442194754647743
10004,25896,5,192.168.224.88_162.55.103.190,0.7432624087827947
10005,25896,6,192.168.224.88_51.91.70.64,0.737024998753126
10006,25896,7,192.168.224.88_44.204.231.75,0.7369932542206542
10007,25896,8,192.168.224.88_54.145.30.137,0.7303886697878988
10008,25896,9,13.231.190.41_192.168.224.88,0.6724176308136526
10009,25896,10,193.42.110.30_192.168.224.88,0.6525611897173945
10010,25896,11,95.217.108.172_192.168.224.88,0.6416874471825399
10011,25896,12,54.145.30.137_192.168.224.88,0.6313015636829468
10012,25896,13,213.199.38.97_192.168.224.88,0.617310995697589
10013,25896,14,162.55.103.190_192.168.224.88,0.6128829901384442
10014,25896,15,192.168.226.0_3.108.107.38,0.5843982872129323
10015,25896,16,192.168.226.0_3.108.30.176,0.5743790958944696
10016,25896,17,3.108.30.176_192.168.226.0,0.5670189103871824
10017,25896,18,192.168.224.105_203.23.178.51,0.5598711163042128
10018,25896,19,44.204.231.75_192.168.224.88,0.552910665737518
10019,25896,20,192.168.39.138_3.108.107.38,0.5483885163356627
10020,25896,21,3.108.107.38_192.168.39.138,0.5418950027551657
10021,25896,22,3.108.125.57_192.168.226.0,0.540435116755044
10022,25896,23,3.108.107.38_192.168.226.0,0.5359822053361621
10023,25896,24,34.237.73.95_192.168.172.245,0.532162249014808
10024,25896,25,192.168.49.233_192.168.57.73,0.5248152498545645
10025,25896,26,192.168.30.226_192.168.29.165,0.5191388333604681
10026,25896,27,192.168.226.199_192.168.65.0,0.5181990944729667
10027,25896,28,192.168.29.165_3.7.13.58,0.5157726798669382
10028,25896,29,192.168.31.81_3.108.30.176,0.51412104972993
10029,25896,30,192.168.226.0_3.108.125.57,0.5112450353355097
10030,25896,31,192.168.172.245_34.237.73.95,0.5106829062133715
10031,25896,32,192.168.20.33_192.168.29.165,0.5103276458288564
10032,25896,33,192.168.93.70_192.168.52.161,0.5096901225550119
10033,25896,34,192.168.25.164_192.168.3.67,0.508800062997494
10034,25896,35,192.168.30.223_192.168.29.165,0.5052462326918215
10035,25896,36,192.168.42.28_192.168.50.224,0.5028365660011418
10036,25896,37,13.232.109.2_192.168.33.142,0.5024403121347503
10037,25896,38,3.7.13.58_192.168.226.0,0.5010168302829788
10038,25896,39,192.168.49.141_65.0.200.43,0.5001577663261668
10039,25896,40,192.168.226.55_138.199.14.80,0.4988648180933449
10040,25896,41,192.168.49.141_13.232.193.230,0.4976254745747945
10041,25896,42,3.108.30.176_192.168.31.81,0.4951416580764713
10042,25896,43,192.168.65.0_192.168.226.199,0.495139859165337
10043,25896,44,192.168.19.175_192.168.17.131,0.4927045267346763
10044,25896,45,3.7.13.58_192.168.49.138,0.4922943562038025
10045,25896,46,192.168.19.226_192.168.29.165,0.4921567389294521
10046,25896,47,35.174.127.31_192.168.33.142,0.4911557540468345
10047,25896,48,52.108.46.20_192.168.226.89,0.4906411062027037
10048,25896,49,37.187.147.119_192.168.226.160,0.4890230525403864
10049,25896,50,3.109.12.90_192.168.33.142,0.4883946844211617
10050,25896,51,192.168.27.57_192.168.17.131,0.4882567235761653
10051,25896,52,192.168.27.253_192.168.17.131,0.4874834897915844
10052,25896,53,192.168.51.10_192.168.93.70,0.4869039147214899
10053,25896,54,3.108.125.57_192.168.29.165,0.4866325968341488
10054,25896,55,192.168.28.104_13.232.193.230,0.4859041235392272
10055,25896,56,3.108.35.59_192.168.49.141,0.4852532745515312
10056,25896,57,208.115.231.86_192.168.51.10,0.4849213418300001
10057,25896,58,192.168.23.32_3.234.91.204,0.4847112792141164
10058,25896,59,192.168.226.0_3.7.13.58,0.4846725995832368
10059,25896,60,192.168.29.165_192.168.19.226,0.4839840902952274
10060,25896,61,192.168.140.157_192.168.3.94,0.4834490694133123
10061,25896,62,192.168.33.142_35.174.127.31,0.4824668716457883
10062,25896,63,192.168.52.161_192.168.93.70,0.4824349413459027
10063,25896,64,192.168.172.111_163.70.144.16,0.4816260286531202
10064,25896,65,192.168.49.138_3.7.13.58,0.4813580244825794
10065,25896,66,203.23.178.51_192.168.224.105,0.4809437999717057
10066,25896,67,192.168.29.165_192.168.20.33,0.4780932989831234
10067,25896,68,192.168.226.50_213.164.208.113,0.4767090058482088
10068,25896,69,192.168.49.190_3.108.107.38,0.4763870691030268
10069,25896,70,192.168.16.74_192.168.29.165,0.4758975263053212
10070,25896,71,65.0.200.43_192.168.49.141,0.4753542589779263
10071,25896,72,192.168.28.104_3.108.30.176,0.4746285440270026
10072,25896,73,192.168.30.126_3.7.13.58,0.4746180578265515
10073,25896,74,192.168.29.165_3.108.125.57,0.4743192076919879
10074,25896,75,192.168.93.70_192.168.51.10,0.4707237444139978
10075,25896,76,192.168.29.165_192.168.30.226,0.4701542046102173
10076,25896,77,3.108.125.57_192.168.23.103,0.4687602802789843
10077,25896,78,192.168.29.165_192.168.22.17,0.4685694267308112
10078,25896,79,192.168.93.70_192.168.226.199,0.4685534617072813
10079,25896,80,192.168.226.199_192.168.93.70,0.4685184755372144
10080,25896,81,192.168.51.10_208.115.231.86,0.4681929518119991
10081,25896,82,192.168.17.131_192.168.28.191,0.4668363628719457
10082,25896,83,192.168.49.141_35.75.32.93,0.466791828581368
10083,25896,84,192.168.50.224_192.168.24.13,0.4666281191331463
10084,25896,85,192.168.29.165_192.168.16.74,0.4658151185695403
10085,25896,86,192.168.140.149_192.168.3.94,0.46559712364294
10086,25896,87,138.199.14.80_192.168.226.55,0.4639295499195873
10087,25896,88,192.168.17.131_192.168.19.175,0.4627319930962296
10088,25896,89,192.168.23.103_3.108.125.57,0.4610196361241132
10089,25896,90,192.168.50.48_34.120.83.142,0.458074017898638
10090,25896,91,192.168.226.142_192.168.3.121,0.4579695989785158
10091,25896,92,192.168.28.191_192.168.17.131,0.457931909083438
10092,25896,93,192.168.17.131_192.168.27.253,0.4575990803721075
10093,25896,94,192.168.29.165_192.168.22.101,0.4559171633371124
10094,25896,95,34.237.73.95_192.168.32.4,0.4548962911726229
10095,25896,96,192.168.22.101_192.168.29.165,0.4537949498091757
10096,25896,97,192.168.29.165_192.168.31.73,0.4518957981810522
10097,25896,98,192.168.3.21_192.168.30.126,0.4510559910986256
10098,25896,99,3.108.30.176_192.168.28.104,0.4503191458717682
10099,25896,100,3.234.91.204_192.168.23.32,0.4502417928171696
20000,25944,1,192.168.224.88_162.55.103.190,0.7743300439126714
20001,25944,2,192.168.224.88_95.217.108.172,0.7685334896113315
20002,25944,3,192.168.224.88_13.231.190.41,0.7617988502690854
20003,25944,4,192.168.224.88_193.42.110.30,0.7488726550440893
20004,25944,5,192.168.224.88_44.204.231.75,0.7461247464610947
20005,25944,6,192.168.224.88_54.145.30.137,0.7215114999128803
20006,25944,7,54.145.30.137_192.168.224.88,0.7119437986368075
20007,25944,8,192.168.224.88_51.91.70.64,0.6976888233160122
20008,25944,9,192.168.224.88_213.199.38.97,0.6903392544551439
20009,25944,10,13.231.190.41_192.168.224.88,0.6557271570743498
20010,25944,11,162.55.103.190_192.168.224.88,0.6505270306930627
20011,25944,12,193.42.110.30_192.168.224.88,0.6436796224284663
20012,25944,13,44.204.231.75_192.168.224.88,0.6315152424225958
20013,25944,14,213.199.38.97_192.168.224.88,0.6184807176508953
20014,25944,15,95.217.108.172_192.168.224.88,0.6068735884318867
20015,25944,16,192.168.93.70_192.168.226.199,0.5570190576932427
20016,25944,17,192.168.49.141_13.232.193.230,0.5548045727466625
20017,25944,18,104.18.13.81_192.168.43.148,0.5470660051239415
20018,25944,19,3.7.13.58_192.168.32.150,0.5409697098604779
20019,25944,20,192.168.25.164_192.168.3.67,0.5385822590182807
20020,25944,21,37.187.147.119_192.168.226.160,0.5338960492458922
20021,25944,22,65.0.200.43_192.168.49.141,0.5338345372089282
20022,25944,23,192.168.29.165_192.168.19.226,0.530902040292636
20023,25944,24,192.168.28.104_3.108.35.59,0.5308329245355249
20024,25944,25,192.168.29.165_3.7.13.58,0.5303709499295787
20025,25944,26,65.0.226.14_192.168.33.142,0.5294403896969434
20026,25944,27,192.168.49.141_65.0.200.43,0.5290348856784178
20027,25944,28,3.7.13.58_192.168.226.0,0.5283851260535174
20028,25944,29,192.168.29.165_3.108.125.57,0.528219814112438
20029,25944,30,192.168.41.128_194.58.31.81,0.5268949359074616
20030,25944,31,3.7.13.58_192.168.29.165,0.5264676666242287
20031,25944,32,13.232.193.230_192.168.31.81,0.5251864241352094
20032,25944,33,192.168.29.165_192.168.30.226,0.5248488308901845
20033,25944,34,192.168.29.165_192.168.22.17,0.5244628413964171
20034,25944,35,192.168.22.69_3.108.30.176,0.5226403572122804
20035,25944,36,192.168.29.165_192.168.22.101,0.5215212781576707
20036,25944,37,192.168.93.70_192.168.52.161,0.5213830493564066
20037,25944,38,192.168.226.199_192.168.93.70,0.5210742269351124
20038,25944,39,192.168.33.187_34.237.73.95,0.5191658370579885
20039,25944,40,192.168.52.161_192.168.93.70,0.5186886351197054
20040,25944,41,192.168.29.165_192.168.20.33,0.5174721512964348
20041,25944,42,15.235.212.89_192.168.226.50,0.5167881394095039
20042,25944,43,192.168.43.148_104.18.13.81,0.5166278822067042
20043,25944,44,192.168.22.101_192.168.29.165,0.5165161392655778
20044,25944,45,192.168.34.72_104.18.12.81,0.5164438622030966
20045,25944,46,3.108.35.59_192.168.31.81,0.5153482536085707
20046,25944,47,3.108.125.57_192.168.29.165,0.5137423213254512
20047,25944,48,192.168.29.165_192.168.31.73,0.5127926056035598
20048,25944,49,3.109.12.90_192.168.33.142,0.5121153177504698
20049,25944,50,13.232.193.230_192.168.32.150,0.511182636381684
20050,25944,51,192.168.24.162_192.168.22.203,0.5110003735796054
20051,25944,52,192.168.25.164_192.168.3.33,0.5099432855442769
20052,25944,53,192.168.226.0_3.7.13.58,0.5093225877639171
20053,25944,54,192.168.31.226_34.120.52.64,0.5088594086557485
20054,25944,55,192.168.19.226_192.168.29.165,0.5045172200153106
20055,25944,56,192.168.16.74_192.168.29.165,0.5042905871421517
20056,25944,57,192.168.23.103_3.108.46.16,0.5033170323219288
20057,25944,58,192.168.226.50_31.201.159.5,0.5014337500009213
20058,25944,59,192.168.32.150_3.7.13.58,0.5008644414072626
20059,25944,60,192.168.3.21_192.168.30.126,0.5003718744486058
20060,25944,61,192.168.29.165_192.168.30.223,0.4999828660844021
20061,25944,62,192.168.226.142_192.168.3.121,0.4996644875271419
20062,25944,63,192.168.49.141_3.108.35.59,0.4987418441452332
20063,25944,64,3.108.107.38_192.168.28.32,0.4982565536906763
20064,25944,65,3.108.125.57_192.168.226.0,0.4959641135039802
20065,25944,66,192.168.31.81_3.108.35.59,0.495570918479046
20066,25944,67,192.168.93.42_192.168.93.70,0.4954927924340623
20067,25944,68,3.7.13.58_192.168.49.138,0.4948687428077852
20068,25944,69,3.108.30.176_192.168.32.150,0.4922323706073905
20069,25944,70,13.232.193.230_192.168.49.141,0.491872634492635
20070,25944,71,192.168.39.138_3.108.107.38,0.4908866296482045
20071,25944,72,3.234.91.204_192.168.23.32,0.4906247426135455
20072,25944,73,192.168.32.150_13.232.193.230,0.4901277584328509
20073,25944,74,192.168.226.0_3.108.107.38,0.4898619776162324
20074,25944,75,3.108.125.57_192.168.33.142,0.488880947147337
20075,25944,76,3.108.46.16_192.168.23.103,0.4884031424666588
20076,25944,77,3.108.35.59_192.168.28.104,0.4871936742071905
20077,25944,78,192.168.28.104_3.108.30.176,0.4864828874934471
20078,25944,79,192.168.23.32_3.234.91.204,0.4861772708708506
20079,25944,80,192.168.140.136_192.168.3.94,0.4858019004354661
20080,25944,81,35.75.32.93_192.168.49.141,0.4856450075900368
20081,25944,82,192.168.226.225_51.89.42.214,0.4852254569486034
20082,25944,83,192.168.28.32_3.108.107.38,0.4829487760988508
20083,25944,84,192.168.30.126_3.7.13.58,0.4821959153992726
20084,25944,85,192.168.22.21_192.168.29.165,0.4820960974401089
20085,25944,86,194.58.31.81_192.168.41.128,0.4813592813051432
20086,25944,87,3.108.107.38_192.168.39.138,0.4811213255391311
20087,25944,88,192.168.226.0_3.108.125.57,0.480623077404448
20088,25944,89,35.174.127.31_192.168.33.142,0.4805453395672759
20089,25944,90,192.168.31.81_13.232.193.230,0.4802552804291024
20090,25944,91,192.168.28.104_3.108.46.16,0.4802280118826886
20091,25944,92,192.168.31.73_192.168.29.165,0.4801875059175226
20092,25944,93,192.168.93.70_192.168.93.42,0.4801868855828481
20093,25944,94,192.168.30.223_192.168.29.165,0.4800625201173903
20094,25944,95,192.168.31.81_3.108.30.176,0.479642749787438
20095,25944,96,3.108.107.38_192.168.49.190,0.4791400470300053
20096,25944,97,13.232.193.230_192.168.226.0,0.4771460449346908
20097,25944,98,192.168.140.150_192.168.3.94,0.4769849906569816
20098,25944,99,3.108.30.176_192.168.31.81,0.4767008269118727
20099,25944,100,192.168.30.226_192.168.29.165,0.4759667494026405
30000,26031,1,192.168.224.88_213.199.38.97,0.831947066731403
30001,26031,2,192.168.224.88_162.55.103.190,0.8290488863635695
30002,26031,3,192.168.224.88_44.204.231.75,0.8223555878114571
30003,26031,4,192.168.224.88_13.231.190.41,0.8211090729681068
30004,26031,5,192.168.224.88_193.42.110.30,0.8108985075473143
30005,26031,6,192.168.224.88_95.217.108.172,0.8104242836197273
30006,26031,7,192.168.224.88_51.91.70.64,0.7994576070053977
30007,26031,8,192.168.224.88_54.145.30.137,0.7963597553410904
30008,26031,9,15.235.212.89_192.168.226.50,0.7695785411528966
30009,26031,10,162.55.103.190_192.168.224.88,0.687805567965929
30010,26031,11,95.217.108.172_192.168.224.88,0.6841270594183866
30011,26031,12,13.231.190.41_192.168.224.88,0.6693374781772194
30012,26031,13,54.145.30.137_192.168.224.88,0.6674165461292113
30013,26031,14,193.42.110.30_192.168.224.88,0.6370030475064783
30014,26031,15,213.199.38.97_192.168.224.88,0.6314112843010963
30015,26031,16,44.204.231.75_192.168.224.88,0.6312859420191598
30016,26031,17,192.168.226.199_192.168.93.70,0.5778182648269689
30017,26031,18,192.168.226.142_192.168.3.121,0.5775142879081501
30018,26031,19,192.168.93.70_192.168.226.199,0.5772638291733457
30019,26031,20,192.168.31.81_13.232.193.230,0.5696387204058339
30020,26031,21,3.7.13.58_192.168.32.150,0.5662564381631834
30021,26031,22,104.18.13.81_192.168.43.148,0.5636519420879451
30022,26031,23,192.168.49.141_13.232.193.230,0.5575911079708324
30023,26031,24,34.120.83.142_192.168.50.48,0.5575318593501865
30024,26031,25,192.168.50.48_34.120.83.142,0.5571577874296878
30025,26031,26,13.232.193.230_192.168.32.150,0.5567087865904072
30026,26031,27,192.168.49.141_65.0.200.43,0.5563950097648884
30027,26031,28,192.168.32.150_3.7.13.58,0.5554392192963323
30028,26031,29,192.168.25.164_192.168.3.67,0.5531481882599374
30029,26031,30,192.168.32.150_13.232.193.230,0.552820343991471
30030,26031,31,192.168.224.105_203.23.178.51,0.552107266756222
30031,26031,32,13.232.193.230_192.168.31.81,0.5512517020116469
30032,26031,33,192.168.42.48_192.168.50.39,0.5508183141190781
30033,26031,34,192.168.32.150_3.108.30.176,0.5492085550050558
30034,26031,35,192.168.65.0_192.168.226.199,0.5479007408285864
30035,26031,36,192.168.226.199_192.168.65.0,0.5473150532538736
30036,26031,37,192.168.31.81_3.108.35.59,0.5422996042187813
30037,26031,38,3.108.35.59_192.168.28.104,0.5422562054546911
30038,26031,39,65.0.200.43_192.168.226.0,0.5421164283961949
30039,26031,40,13.232.193.230_192.168.49.141,0.5394587470590445
30040,26031,41,52.108.46.20_192.168.52.171,0.5392302555878663
30041,26031,42,192.168.17.46_192.168.24.162,0.5383495989566979
30042,26031,43,192.168.24.162_192.168.17.46,0.5383495989566979
30043,26031,44,192.168.23.103_3.108.46.16,0.5375545456120348
30044,26031,45,3.108.46.16_192.168.23.103,0.5354010628257495
30045,26031,46,52.108.44.3_192.168.52.171,0.5336046302221223
30046,26031,47,203.23.178.51_192.168.224.105,0.5328301341155579
30047,26031,48,34.231.200.62_192.168.51.35,0.5327899926155376
30048,26031,49,65.0.200.43_192.168.49.141,0.532730253502435
30049,26031,50,192.168.49.233_192.168.50.232,0.5324836314322906
30050,26031,51,192.168.49.233_192.168.41.245,0.5324552044600314
30051,26031,52,192.168.43.148_104.18.13.81,0.5317696284973854
30052,26031,53,192.168.49.141_3.108.35.59,0.5299132273968058
30053,26031,54,163.70.144.16_192.168.172.111,0.5285475612636437
30054,26031,55,3.108.30.176_192.168.32.150,0.5282742486417509
30055,26031,56,3.108.35.59_192.168.31.81,0.5272584484362711
30056,26031,57,192.168.28.104_3.108.35.59,0.5262719069357776
30057,26031,58,34.237.73.95_192.168.55.126,0.5260290689815679
30058,26031,59,192.168.172.111_163.70.144.16,0.5239916853194001
30059,26031,60,192.168.51.35_34.231.200.62,0.5232421351581924
30060,26031,61,192.168.140.141_192.168.3.94,0.5232203101828247
30061,26031,62,192.168.22.69_3.108.125.57,0.5228501470566764
30062,26031,63,172.105.52.41_192.168.32.150,0.5215272226504454
30063,26031,64,192.168.32.150_172.105.52.41,0.5211775981876134
30064,26031,65,35.186.224.40_192.168.41.154,0.5211371503451632
30065,26031,66,192.168.25.164_192.168.3.34,0.5208796047732356
30066,26031,67,192.168.50.82_104.18.26.48,0.5205462901493709
30067,26031,68,192.168.226.219_35.168.88.244,0.5204992437689477
30068,26031,69,35.168.88.244_192.168.226.219,0.5204992437689477
30069,26031,70,192.168.41.154_104.18.39.102,0.5189922569908066
30070,26031,71,192.168.22.1_208.115.231.70,0.5184942017233465
30071,26031,72,192.168.41.154_35.186.224.40,0.5183762852160841
30072,26031,73,192.168.3.21_192.168.30.126,0.5180828135955028
30073,26031,74,192.168.33.187_106.13.168.190,0.515863527570208
30074,26031,75,192.168.31.81_3.108.30.176,0.5157375675742931
30075,26031,76,104.18.39.102_192.168.41.154,0.5144168994735508
30076,26031,77,3.108.30.176_192.168.31.81,0.5142603329443727
30077,26031,78,192.168.1.170_192.168.39.141,0.5126961497140395
30078,26031,79,192.168.226.0_13.232.193.230,0.5120049807926667
30079,26031,80,192.168.226.0_65.0.200.43,0.5108621973109658
30080,26031,81,35.75.32.93_192.168.49.141,0.5105762506368088
30081,26031,82,104.18.26.48_192.168.50.82,0.5096647595201595
30082,26031,83,192.168.39.141_192.168.1.170,0.5081765513687181
30083,26031,84,192.168.25.164_192.168.3.35,0.507667928606759
30084,26031,85,35.174.127.31_192.168.43.62,0.5071130099561941
30085,26031,86,192.168.42.217_163.70.144.60,0.5070690179812696
30086,26031,87,192.168.27.110_48.218.107.66,0.505929679620406
30087,26031,88,192.168.49.190_3.108.46.16,0.5056989143918122
30088,26031,89,208.115.231.70_192.168.22.1,0.5048249357128822
30089,26031,90,34.237.73.95_192.168.33.187,0.5047222860760078
30090,26031,91,192.168.93.70_192.168.93.42,0.5040760432330785
30091,26031,92,192.168.49.141_35.75.32.93,0.5036593967694897
30092,26031,93,163.70.144.60_192.168.42.217,0.5034970826681694
30093,26031,94,192.168.93.42_192.168.93.70,0.5033809335074869
30094,26031,95,52.108.68.27_192.168.50.39,0.5019814076053272
30095,26031,96,172.65.251.78_192.168.22.55,0.5019485735021253
30096,26031,97,192.168.20.33_192.168.29.165,0.5017265422228285
30097,26031,98,192.168.30.226_192.168.29.165,0.5017265422228285
30098,26031,99,192.168.29.165_192.168.30.226,0.5017265422228285
30099,26031,100,192.168.43.62_35.174.127.31,0.5016144190555473
40000,26081,1,192.168.224.88_13.231.190.41,0.8171381035857288
40001,26081,2,15.235.212.89_192.168.226.50,0.8120446229375008
40002,26081,3,192.168.224.88_213.199.38.97,0.8115531365216035
40003,26081,4,192.168.224.88_44.204.231.75,0.8078231631345411
40004,26081,5,192.168.224.88_162.55.103.190,0.8070491288646757
40005,26081,6,192.168.224.88_95.217.108.172,0.8055230178782666
40006,26081,7,192.168.224.88_193.42.110.30,0.8030653965387283
40007,26081,8,192.168.224.88_54.145.30.137,0.7961962649035941
40008,26081,9,192.168.224.88_51.91.70.64,0.7693722936841414
40009,26081,10,44.204.231.75_192.168.224.88,0.7338625822090158
40010,26081,11,13.231.190.41_192.168.224.88,0.723851666067788
40011,26081,12,213.199.38.97_192.168.224.88,0.7165326993958842
40012,26081,13,162.55.103.190_192.168.224.88,0.7149096476890391
40013,26081,14,95.217.108.172_192.168.224.88,0.676996097715613
40014,26081,15,54.145.30.137_192.168.224.88,0.6695447094417672
40015,26081,16,193.42.110.30_192.168.224.88,0.6643775612482594
40016,26081,17,65.0.200.43_192.168.22.192,0.5718221112237302
40017,26081,18,192.168.93.70_192.168.226.199,0.5687159182928464
40018,26081,19,192.168.226.199_192.168.93.70,0.5680565857020126
40019,26081,20,192.168.50.6_162.159.133.86,0.5649691703182697
40020,26081,21,192.168.28.104_3.108.35.59,0.5642871655098813
40021,26081,22,65.0.200.43_192.168.49.141,0.5590942837527161
40022,26081,23,192.168.226.199_192.168.65.0,0.5559169112618879
40023,26081,24,3.108.107.38_192.168.49.141,0.5543400138103636
40024,26081,25,192.168.49.141_3.108.35.59,0.5515236968762981
40025,26081,26,192.168.65.0_192.168.226.199,0.5509204011363668
40026,26081,27,192.168.30.126_3.7.13.58,0.5460374448391137
40027,26081,28,192.168.28.104_3.108.46.16,0.542846894112683
40028,26081,29,192.168.31.81_3.108.30.176,0.5415716314135877
40029,26081,30,192.168.49.141_65.0.200.43,0.5410326250204405
40030,26081,31,192.168.25.164_192.168.3.34,0.5397424429256021
40031,26081,32,3.108.46.16_192.168.28.104,0.537009210690003
40032,26081,33,192.168.22.69_3.108.125.57,0.5362044946303021
40033,26081,34,192.168.49.141_3.108.107.38,0.5353370463739742
40034,26081,35,192.168.49.141_35.75.32.93,0.535149468112057
40035,26081,36,3.108.35.59_192.168.49.141,0.533312470540289
40036,26081,37,3.108.35.59_192.168.28.104,0.5323462017590388
40037,26081,38,192.168.93.70_192.168.52.161,0.5306452657047392
40038,26081,39,3.234.91.204_192.168.23.32,0.5293533033048232
40039,26081,40,192.168.30.126_3.108.30.176,0.5293369780625486
40040,26081,41,192.168.23.103_3.108.125.57,0.527651953227504
40041,26081,42,192.168.49.190_3.108.46.16,0.5258595542659499
40042,26081,43,192.168.23.103_3.108.46.16,0.5244299988815365
40043,26081,44,192.168.226.142_192.168.3.121,0.5240164080488632
40044,26081,45,3.108.30.176_192.168.28.104,0.523821315102531
40045,26081,46,104.18.13.81_192.168.43.148,0.522331890295573
40046,26081,47,3.108.30.176_192.168.31.81,0.5212761238562175
40047,26081,48,192.168.49.141_13.232.193.230,0.5211114229823337
40048,26081,49,3.108.46.16_192.168.49.190,0.5203712534350523
40049,26081,50,192.168.32.150_13.232.193.230,0.5196279634841287
40050,26081,51,192.168.28.104_3.108.30.176,0.5182337370408507
40051,26081,52,192.168.52.161_192.168.93.70,0.51784390127761
40052,26081,53,192.168.226.55_138.199.14.80,0.5176721777569716
40053,26081,54,3.108.30.176_192.168.30.126,0.5170906131550016
40054,26081,55,3.108.125.57_192.168.23.103,0.5169167182315161
40055,26081,56,51.89.42.214_192.168.226.225,0.5163318481605869
40056,26081,57,192.168.15.215_192.168.15.216,0.5123927242824684
40057,26081,58,13.232.193.230_192.168.49.141,0.5117880235277025
40058,26081,59,172.65.251.78_192.168.22.55,0.5100783268457144
40059,26081,60,192.168.23.32_3.234.91.204,0.5089242552221404
40060,26081,61,35.75.32.93_192.168.49.141,0.5080061328826561
40061,26081,62,138.199.14.80_192.168.226.55,0.5078542925420441
40062,26081,63,13.232.193.230_192.168.32.150,0.506906572117002
40063,26081,64,192.168.31.81_3.108.35.59,0.5065830044840677
40064,26081,65,192.168.43.148_104.18.13.81,0.5064873179444626
40065,26081,66,74.125.68.188_192.168.30.44,0.5043987265739447
40066,26081,67,3.108.30.176_192.168.32.150,0.5043607110901288
40067,26081,68,3.7.13.58_192.168.30.126,0.5038448198936567
40068,26081,69,192.168.25.164_192.168.3.33,0.5024871428525951
40069,26081,70,192.168.50.48_34.120.83.142,0.5021507814344351
40070,26081,71,34.120.83.142_192.168.50.48,0.5019792743544937
40071,26081,72,37.187.147.119_192.168.226.160,0.5012001211315436
40072,26081,73,192.168.224.105_203.23.178.51,0.5007523693908766
40073,26081,74,192.168.140.152_192.168.3.94,0.4998334256535214
40074,26081,75,192.168.32.150_3.108.30.176,0.4995765556477661
40075,26081,76,192.168.224.8_52.201.47.205,0.4993613691257612
40076,26081,77,192.168.140.151_192.168.3.94,0.4986358023690361
40077,26081,78,52.201.47.205_192.168.224.8,0.4975928965317217
40078,26081,79,192.168.15.216_192.168.15.215,0.4959065178725367
40079,26081,80,192.168.15.216_192.168.15.214,0.4958462533895906
40080,26081,81,192.168.226.219_52.7.9.96,0.4956044365380799
40081,26081,82,3.108.46.16_192.168.23.103,0.4952731386859227
40082,26081,83,192.168.22.192_65.0.200.43,0.4949582005162407
40083,26081,84,192.168.140.140_192.168.3.94,0.4941303003113104
40084,26081,85,192.168.25.164_192.168.3.67,0.493381612964398
40085,26081,86,3.108.35.59_192.168.31.81,0.4914835569794039
40086,26081,87,192.168.16.187_203.23.178.29,0.4914545355090967
40087,26081,88,192.168.140.134_192.168.3.94,0.4908768417591135
40088,26081,89,192.168.27.111_20.192.44.78,0.490287133226303
40089,26081,90,203.23.178.51_192.168.224.105,0.4891480191963248
40090,26081,91,192.168.27.40_20.192.44.78,0.4890664104614873
40091,26081,92,34.237.73.95_192.168.33.187,0.4887360724440144
40092,26081,93,192.168.32.150_3.7.13.58,0.4886315236010379
40093,26081,94,52.7.9.96_192.168.226.219,0.4866184578518347
40094,26081,95,203.23.178.29_192.168.16.187,0.4847522475768634
40095,26081,96,20.192.44.78_192.168.27.40,0.4833418359695363
40096,26081,97,208.115.231.50_192.168.49.245,0.4833067088125629
40097,26081,98,3.108.125.57_192.168.22.69,0.4832741717357732
40098,26081,99,192.168.140.132_192.168.3.94,0.481937263860334
40099,26081,100,192.168.226.50_57.128.200.64,0.4804737609110887
50000,26122,1,192.168.224.88_95.217.108.172,0.8299953438351326
50001,26122,2,192.168.224.88_193.42.110.30,0.8282494667646022
50002,26122,3,192.168.224.88_213.199.38.97,0.82390064994513
50003,26122,4,192.168.224.88_13.231.190.41,0.8210070958929628
50004,26122,5,192.168.224.88_162.55.103.190,0.8187786135716022
50005,26122,6,192.168.224.88_44.204.231.75,0.8146711122380295
50006,26122,7,192.168.224.88_51.91.70.64,0.8029119920654169
50007,26122,8,192.168.224.88_54.145.30.137,0.7964043830074162
50008,26122,9,15.235.212.89_192.168.226.50,0.7793436988633267
50009,26122,10,13.231.190.41_192.168.224.88,0.7697932327235427
50010,26122,11,193.42.110.30_192.168.224.88,0.7147513604268726
50011,26122,12,162.55.103.190_192.168.224.88,0.7125669374214648
50012,26122,13,213.199.38.97_192.168.224.88,0.6997703111102301
50013,26122,14,44.204.231.75_192.168.224.88,0.695849891333585
50014,26122,15,54.145.30.137_192.168.224.88,0.6948231975152527
50015,26122,16,95.217.108.172_192.168.224.88,0.6945056762837971
50016,26122,17,192.168.50.6_162.159.133.86,0.6092040357214719
50017,26122,18,192.168.28.104_3.108.35.59,0.5940105461373482
50018,26122,19,192.168.25.164_192.168.3.67,0.5905499228762404
50019,26122,20,3.108.35.59_192.168.28.104,0.5682381681183787
50020,26122,21,192.168.224.105_203.23.178.51,0.5514915280121576
50021,26122,22,192.168.140.152_192.168.3.94,0.5504897907620085
50022,26122,23,192.168.49.141_13.232.193.230,0.5478781897796073
50023,26122,24,192.168.28.104_3.108.30.176,0.5462872908932948
50024,26122,25,192.168.32.150_13.232.193.230,0.5456525630956339
50025,26122,26,37.187.147.119_192.168.226.160,0.5395979406526366
50026,26122,27,3.108.35.59_192.168.49.141,0.5388151943954347
50027,26122,28,3.108.30.176_192.168.28.104,0.5330232996049609
50028,26122,29,13.232.193.230_192.168.32.150,0.5330075147051261
50029,26122,30,192.168.49.141_3.108.35.59,0.5325607134582296
50030,26122,31,192.168.23.103_3.108.125.57,0.5314688988990399
50031,26122,32,172.65.251.78_192.168.22.55,0.5308465207078046
50032,26122,33,13.232.193.230_192.168.49.141,0.528645335861594
50033,26122,34,192.168.226.142_192.168.3.121,0.5278338702324002
50034,26122,35,3.108.46.16_192.168.28.104,0.5258359450070437
50035,26122,36,192.168.15.214_192.168.15.216,0.5191755674864881
50036,26122,37,192.168.28.104_3.108.46.16,0.5180718526657875
50037,26122,38,192.168.30.126_3.108.30.176,0.517850625021512
50038,26122,39,3.108.125.57_192.168.23.103,0.517396602578809
50039,26122,40,192.168.15.214_192.168.15.213,0.516040068478082
50040,26122,41,35.75.32.93_192.168.49.141,0.5141008583336527
50041,26122,42,192.168.31.81_3.108.35.59,0.510952298475351
50042,26122,43,192.168.49.141_35.75.32.93,0.510835791504643
50043,26122,44,192.168.15.215_192.168.15.216,0.510437324152223
50044,26122,45,192.168.15.216_192.168.15.214,0.5103268389715285
50045,26122,46,172.105.52.41_192.168.32.150,0.5097107469233155
50046,26122,47,192.168.140.134_192.168.3.94,0.5080751412276177
50047,26122,48,203.23.178.51_192.168.224.105,0.5065772545627673
50048,26122,49,192.168.25.164_192.168.3.35,0.506430722112976
50049,26122,50,192.168.31.81_3.108.107.38,0.5054845794987232
50050,26122,51,192.168.32.150_172.105.52.41,0.504214839335179
50051,26122,52,192.168.15.216_192.168.15.215,0.5012395755555872
50052,26122,53,192.168.17.46_192.168.24.162,0.5010277557081406
50053,26122,54,192.168.24.162_192.168.17.46,0.5010277557081406
50054,26122,55,3.108.35.59_192.168.31.81,0.5009272585797396
50055,26122,56,192.168.49.141_65.0.200.43,0.4986053283115682
50056,26122,57,162.159.137.234_192.168.22.141,0.4960620269667166
50057,26122,58,192.168.3.21_192.168.30.126,0.493979357738504
50058,26122,59,192.168.22.69_3.108.125.57,0.4929456308133156
50059,26122,60,192.168.49.141_3.108.107.38,0.4915800484507396
50060,26122,61,192.168.22.141_162.159.137.234,0.4898987099406267
50061,26122,62,35.174.127.31_192.168.43.62,0.4898425223809584
50062,26122,63,192.168.25.164_192.168.3.33,0.4896228012030753
50063,26122,64,192.168.65.0_192.168.226.199,0.4885051786885389
50064,26122,65,192.168.226.199_192.168.65.0,0.4882094521978233
50065,26122,66,192.168.226.199_192.168.93.70,0.4870433530619206
50066,26122,67,65.0.200.43_192.168.49.141,0.4870013346767498
50067,26122,68,192.168.93.70_192.168.226.199,0.4862310559592239
50068,26122,69,3.108.107.38_192.168.49.141,0.485263028618749
50069,26122,70,3.108.107.38_192.168.31.81,0.4849115586056039
50070,26122,71,192.168.43.62_35.174.127.31,0.4835903309852351
50071,26122,72,192.168.2.228_192.168.54.126,0.4794935940971209
50072,26122,73,192.168.31.81_3.108.30.176,0.4780560694107147
50073,26122,74,20.192.44.78_192.168.82.6,0.4774896685132758
50074,26122,75,192.168.140.153_192.168.3.94,0.4734733459236108
50075,26122,76,3.108.46.16_192.168.49.190,0.4733294600351326
50076,26122,77,192.168.54.126_192.168.2.228,0.4720179408539021
50077,26122,78,192.168.25.164_192.168.3.34,0.4714520755224935
50078,26122,79,138.199.14.80_192.168.226.55,0.4709206867627922
50079,26122,80,192.168.43.148_104.18.12.81,0.470874566585778
50080,26122,81,208.115.231.50_192.168.49.245,0.4679417668148336
50081,26122,82,192.168.28.167_128.52.131.157,0.4677369727733792
50082,26122,83,3.108.30.176_192.168.30.126,0.4663712201708005
50083,26122,84,57.128.101.86_192.168.28.80,0.4659761974766073
50084,26122,85,3.108.125.57_192.168.22.69,0.465777005611047
50085,26122,86,192.168.226.55_138.199.14.80,0.4646444936245112
50086,26122,87,192.168.41.61_194.58.31.81,0.4645153106793517
50087,26122,88,192.168.32.150_3.7.13.58,0.4617185899091316
50088,26122,89,3.108.30.176_192.168.31.81,0.4609804165593503
50089,26122,90,128.52.131.157_192.168.28.167,0.4581553616830692
50090,26122,91,192.168.49.190_3.108.46.16,0.4534984700880529
50091,26122,92,192.168.49.245_208.115.231.50,0.4530123018490442
50092,26122,93,192.168.226.50_188.148.83.134,0.4503402319187174
50093,26122,94,162.159.138.234_192.168.22.141,0.4474501427724797
50094,26122,95,141.94.96.71_192.168.224.86,0.4464835177153786
50095,26122,96,52.123.164.135_192.168.50.6,0.4454396121578803
50096,26122,97,192.168.50.6_52.123.164.135,0.4454230885849849
50097,26122,98,192.168.140.143_192.168.3.94,0.444909693861385
50098,26122,99,192.168.22.88_170.114.4.241,0.4443433534833275
50099,26122,100,192.168.140.132_192.168.3.94,0.4438211447641015
60000,26167,1,192.168.224.88_213.199.38.97,0.819191375503215
60001,26167,2,192.168.224.88_13.231.190.41,0.815268902766465
60002,26167,3,192.168.224.88_44.204.231.75,0.8144201306440499
60003,26167,4,192.168.224.88_95.217.108.172,0.8114970687493934
60004,26167,5,192.168.224.88_193.42.110.30,0.8053447466421111
60005,26167,6,192.168.224.88_162.55.103.190,0.8003022647577729
60006,26167,7,15.235.212.89_192.168.226.50,0.7940304803863681
60007,26167,8,192.168.224.88_54.145.30.137,0.7911744458574036
60008,26167,9,192.168.224.88_51.91.70.64,0.7758562990838245
60009,26167,10,213.199.38.97_192.168.224.88,0.7731129741923383
60010,26167,11,95.217.108.172_192.168.224.88,0.7707906530740426
60011,26167,12,162.55.103.190_192.168.224.88,0.7518178019938566
60012,26167,13,44.204.231.75_192.168.224.88,0.7371063297009997
60013,26167,14,54.145.30.137_192.168.224.88,0.7217626953001235
60014,26167,15,13.231.190.41_192.168.224.88,0.7121860399626613
60015,26167,16,193.42.110.30_192.168.224.88,0.7055752631317279
60016,26167,17,13.200.41.129_192.168.49.178,0.5867222273577885
60017,26167,18,192.168.49.178_13.200.41.129,0.5764720004425861
60018,26167,19,192.168.49.141_3.108.107.38,0.5746787077470772
60019,26167,20,192.168.49.245_208.115.231.50,0.5664103400010702
60020,26167,21,192.168.25.164_192.168.3.67,0.5617311960745035
60021,26167,22,3.108.107.38_192.168.49.141,0.5603042840929573
60022,26167,23,192.168.49.190_3.108.46.16,0.560031540124022
60023,26167,24,192.168.49.141_35.75.32.93,0.5567014822310333
60024,26167,25,208.115.231.50_192.168.49.245,0.5548996473482508
60025,26167,26,3.108.46.16_192.168.49.190,0.5537276289308329
60026,26167,27,3.234.91.204_192.168.224.8,0.5516116481841629
60027,26167,28,192.168.193.41_203.23.178.51,0.5502570485632235
60028,26167,29,192.168.29.162_34.224.49.146,0.5499225850669378
60029,26167,30,192.168.28.104_3.108.30.176,0.548520041203871
60030,26167,31,203.23.178.51_192.168.193.41,0.5480169033395833
60031,26167,32,35.75.32.93_192.168.49.141,0.5468544857550377
60032,26167,33,3.108.46.16_192.168.28.104,0.5462129854141439
60033,26167,34,192.168.28.104_3.108.46.16,0.5458185628592435
60034,26167,35,192.168.49.178_34.237.73.95,0.5456304452220371
60035,26167,36,163.70.144.5_192.168.53.35,0.5455809607824522
60036,26167,37,34.224.49.146_192.168.29.162,0.5455475298303624
60037,26167,38,34.237.73.95_192.168.49.178,0.5428904593457182
60038,26167,39,104.18.12.81_192.168.43.148,0.5422486977120975
60039,26167,40,65.0.200.43_192.168.49.141,0.5412702949090051
60040,26167,41,192.168.226.199_192.168.65.0,0.5381841630247282
60041,26167,42,192.168.25.164_192.168.3.33,0.5381083662271361
60042,26167,43,192.168.27.48_34.230.227.236,0.5378698794256819
60043,26167,44,192.168.49.141_65.0.200.43,0.5374840919320766
60044,26167,45,192.168.31.81_13.232.193.230,0.5371506157643299
60045,26167,46,192.168.65.0_192.168.226.199,0.5358031637571419
60046,26167,47,192.168.22.69_3.108.125.57,0.53349731486962
60047,26167,48,3.108.30.176_192.168.28.104,0.5330748296681335
60048,26167,49,192.168.226.142_192.168.3.121,0.5329652574654188
60049,26167,50,192.168.28.104_3.108.35.59,0.5325329581323306
60050,26167,51,192.168.43.148_104.18.12.81,0.5324244725664689
60051,26167,52,37.187.147.119_192.168.226.160,0.5312366852802434
60052,26167,53,172.65.251.78_192.168.22.55,0.5289518629835418
60053,26167,54,192.168.25.164_192.168.3.34,0.5288783604663696
60054,26167,55,13.232.193.230_192.168.31.81,0.5288600925018215
60055,26167,56,192.168.31.81_3.108.30.176,0.5250262757659341
60056,26167,57,192.168.226.225_51.89.42.214,0.5239620433404224
60057,26167,58,192.168.31.81_3.108.35.59,0.5231351623761809
60058,26167,59,192.168.31.226_34.120.52.64,0.5229088207439799
60059,26167,60,192.168.15.214_192.168.15.216,0.5218741641543108
60060,26167,61,3.108.30.176_192.168.31.81,0.5201853023817433
60061,26167,62,34.120.52.64_192.168.31.226,0.5190365980958278
60062,26167,63,192.168.31.81_3.108.107.38,0.5168651854699982
60063,26167,64,138.199.14.80_192.168.226.55,0.5166438356929977
60064,26167,65,51.89.42.214_192.168.226.225,0.5164946030364139
60065,26167,66,34.230.227.236_192.168.27.48,0.5162096760719106
60066,26167,67,192.168.15.214_192.168.15.213,0.5153505052171129
60067,26167,68,192.168.140.139_192.168.3.94,0.5147605052171543
60068,26167,69,192.168.22.22_34.120.52.64,0.5143933300878827
60069,26167,70,192.168.45.33_35.174.127.31,0.5137722427465868
60070,26167,71,3.108.35.59_192.168.31.81,0.5132344203642767
60071,26167,72,3.108.125.57_192.168.22.69,0.5126048861710777
60072,26167,73,57.128.101.86_192.168.28.80,0.5124527315773195
60073,26167,74,192.168.93.70_192.168.226.199,0.5121105922506962
60074,26167,75,192.168.226.199_192.168.93.70,0.511950626272119
60075,26167,76,192.168.17.46_192.168.24.162,0.5113836093038142
60076,26167,77,192.168.24.162_192.168.17.46,0.5113836093038142
60077,26167,78,192.168.32.150_3.108.30.176,0.5107281495943735
60078,26167,79,192.168.226.55_138.199.14.80,0.5105662590444184
60079,26167,80,3.108.35.59_192.168.28.104,0.510231444192326
60080,26167,81,3.108.107.38_192.168.31.81,0.5098748969264336
60081,26167,82,141.94.96.71_192.168.224.86,0.5091801715926416
60082,26167,83,192.168.31.207_34.120.52.64,0.5091204437832915
60083,26167,84,34.120.52.64_192.168.31.207,0.5091204437832915
60084,26167,85,192.168.23.103_3.108.30.176,0.5086957442119691
60085,26167,86,192.168.53.35_163.70.144.63,0.5086431808136765
60086,26167,87,192.168.43.148_18.214.150.133,0.507805286330789
60087,26167,88,54.82.214.149_192.168.23.32,0.5075105585330946
60088,26167,89,192.168.49.141_13.232.193.230,0.507473304268427
60089,26167,90,35.186.224.40_192.168.41.154,0.5072169659125833
60090,26167,91,34.120.52.64_192.168.22.22,0.5063938450209519
60091,26167,92,192.168.224.8_3.234.91.204,0.504511643940314
60092,26167,93,35.174.127.31_192.168.45.33,0.5040393063601061
60093,26167,94,52.108.44.3_192.168.27.138,0.5004799838063596
60094,26167,95,192.168.140.144_192.168.3.94,0.5001484939466155
60095,26167,96,192.168.41.154_35.186.224.40,0.4985746682580997
60096,26167,97,163.70.144.60_192.168.27.138,0.4978433490328248
60097,26167,98,3.108.30.176_192.168.23.103,0.4975725643551636
60098,26167,99,3.108.30.176_192.168.32.150,0.4975405883179927
60099,26167,100,192.168.28.80_57.128.101.86,0.4969246209782336
70000,26205,1,192.168.224.88_162.55.103.190,0.8189699267942173
70001,26205,2,192.168.224.88_95.217.108.172,0.8185080887568617
70002,26205,3,192.168.224.88_44.204.231.75,0.8160295048412428
70003,26205,4,192.168.224.88_193.42.110.30,0.8155238048053314
70004,26205,5,192.168.224.88_213.199.38.97,0.804779877419534
70005,26205,6,192.168.224.88_51.91.70.64,0.8017546276501308
70006,26205,7,192.168.224.88_13.231.190.41,0.7995343532048474
70007,26205,8,192.168.224.88_54.145.30.137,0.7950380906064293
70008,26205,9,162.55.103.190_192.168.224.88,0.7625976692236462
70009,26205,10,44.204.231.75_192.168.224.88,0.7405872118359048
70010,26205,11,54.145.30.137_192.168.224.88,0.7063232141028274
70011,26205,12,193.42.110.30_192.168.224.88,0.7062669338894569
70012,26205,13,95.217.108.172_192.168.224.88,0.699059117737891
70013,26205,14,213.199.38.97_192.168.224.88,0.683365978604022
70014,26205,15,13.231.190.41_192.168.224.88,0.6821883938373429
70015,26205,16,15.235.212.89_192.168.226.50,0.6469338348466658
70016,26205,17,192.168.25.164_192.168.3.33,0.6003598048433837
70017,26205,18,3.108.35.59_192.168.28.104,0.5974088817558214
70018,26205,19,192.168.28.104_3.108.35.59,0.5818721530904911
70019,26205,20,3.108.46.16_192.168.28.104,0.5811233430900354
70020,26205,21,142.250.193.42_192.168.17.28,0.5752452511074682
70021,26205,22,142.250.192.170_192.168.246.121,0.5752452511074682
70022,26205,23,192.168.53.35_192.168.54.174,0.5724211489023341
70023,26205,24,192.168.53.35_192.168.50.232,0.5691346614239594
70024,26205,25,192.168.53.35_192.168.50.224,0.5690183105857949
70025,26205,26,192.168.23.103_3.108.30.176,0.5647067198381545
70026,26205,27,142.250.206.106_192.168.18.76,0.563142856312008
70027,26205,28,192.168.53.35_192.168.43.226,0.5575223005723281
70028,26205,29,192.168.65.0_192.168.226.199,0.5568454760075902
70029,26205,30,192.168.31.81_13.232.193.230,0.5563085157901012
70030,26205,31,216.58.200.202_192.168.224.24,0.5559317382045191
70031,26205,32,192.168.226.199_192.168.65.0,0.5558344735728816
70032,26205,33,192.168.31.81_3.108.35.59,0.5557397857328165
70033,26205,34,192.168.28.104_3.108.46.16,0.5545567481262395
70034,26205,35,192.168.32.150_3.108.30.176,0.5538046219869748
70035,26205,36,192.168.28.104_3.108.30.176,0.5519234350522343
70036,26205,37,34.237.73.95_192.168.49.178,0.5518010102902796
70037,26205,38,192.168.17.46_192.168.24.162,0.5515249043797236
70038,26205,39,192.168.24.162_192.168.17.46,0.5515249043797236
70039,26205,40,192.168.49.178_34.237.73.95,0.5499180762094298
70040,26205,41,192.168.15.214_192.168.15.216,0.5498637478968467
70041,26205,42,192.168.49.141_3.108.107.38,0.5493178028785229
70042,26205,43,44.210.164.79_192.168.32.150,0.5483490714587319
70043,26205,44,192.168.51.77_192.168.3.90,0.5481404323138881
70044,26205,45,192.168.22.69_3.108.125.57,0.5479956665384381
70045,26205,46,142.250.192.202_192.168.171.221,0.547587476566623
70046,26205,47,192.168.31.81_65.0.200.43,0.5471795643022255
70047,26205,48,44.208.206.170_192.168.29.162,0.5455862915861212
70048,26205,49,3.108.35.59_192.168.31.81,0.5453593772506632
70049,26205,50,192.168.25.164_192.168.3.67,0.5442287523808185
70050,26205,51,138.199.14.80_192.168.226.55,0.5435222058159903
70051,26205,52,192.168.193.41_203.23.178.51,0.5427322224408629
70052,26205,53,192.168.2.228_192.168.54.126,0.5417920478063563
70053,26205,54,192.168.54.126_192.168.2.228,0.5417275272640673
70054,26205,55,3.108.30.176_192.168.23.103,0.5408124172700703
70055,26205,56,192.168.22.52_192.168.246.174,0.5397130743840782
70056,26205,57,13.232.193.230_192.168.31.81,0.5382101217524047
70057,26205,58,192.168.29.162_44.208.206.170,0.5382041255784935
70058,26205,59,192.168.246.174_192.168.22.52,0.5379957453588097
70059,26205,60,37.187.147.119_192.168.226.160,0.537309396379094
70060,26205,61,192.168.226.199_192.168.93.70,0.5371482243579137
70061,26205,62,192.168.224.105_203.23.178.51,0.5369129872471213
70062,26205,63,203.23.178.51_192.168.193.41,0.5361893104519715
70063,26205,64,74.125.24.188_192.168.93.47,0.5360799269044305
70064,26205,65,192.168.93.70_192.168.226.199,0.5351682675614075
70065,26205,66,192.168.49.190_3.108.46.16,0.5345981918601496
70066,26205,67,192.168.140.148_192.168.3.94,0.5334367878748405
70067,26205,68,3.108.30.176_192.168.32.150,0.5328354312632188
70068,26205,69,192.168.49.178_34.120.52.64,0.5293551147677773
70069,26205,70,3.108.46.16_192.168.49.190,0.5286665414198861
70070,26205,71,192.168.226.142_192.168.3.121,0.5270129928962235
70071,26205,72,65.0.200.43_192.168.31.81,0.52677124080935
70072,26205,73,3.108.107.38_192.168.49.141,0.5266546353549058
70073,26205,74,3.108.125.57_192.168.22.69,0.5260474014497611
70074,26205,75,192.168.39.141_192.168.24.248,0.5252591384072197
70075,26205,76,192.168.138.27_192.168.3.94,0.5249222480017919
70076,26205,77,34.120.52.64_192.168.49.178,0.5240134887532825
70077,26205,78,44.211.21.200_192.168.49.190,0.5238485443521138
70078,26205,79,192.168.1.170_192.168.39.141,0.5234962846053214
70079,26205,80,192.168.24.248_192.168.39.141,0.5233894247616165
70080,26205,81,192.168.32.150_44.210.164.79,0.5233000722590352
70081,26205,82,192.168.140.140_192.168.3.94,0.5230952830226631
70082,26205,83,192.168.93.47_172.64.148.154,0.5223812489823046
70083,26205,84,192.168.25.164_192.168.3.34,0.521095394816527
70084,26205,85,203.23.178.51_192.168.224.105,0.5190198411498533
70085,26205,86,192.168.29.162_3.108.125.57,0.5187039812920153
70086,26205,87,192.168.49.190_44.211.21.200,0.518549144810776
70087,26205,88,192.168.140.132_192.168.3.94,0.5185131868559
70088,26205,89,172.64.148.154_192.168.93.47,0.5182659006241167
70089,26205,90,192.168.140.154_192.168.3.94,0.518077724219195
70090,26205,91,192.168.39.141_192.168.1.170,0.517966271104928
70091,26205,92,3.108.30.176_192.168.28.104,0.5164513211698234
70092,26205,93,3.108.125.57_192.168.29.162,0.5164497579924064
70093,26205,94,192.168.140.150_192.168.3.94,0.516107999721366
70094,26205,95,192.168.2.252_192.168.39.141,0.5157500958171771
70095,26205,96,192.168.54.121_192.168.2.228,0.5151445662865892
70096,26205,97,192.168.25.164_192.168.3.35,0.5134604319176537
70097,26205,98,192.168.140.144_192.168.3.94,0.5133622519285931
70098,26205,99,104.18.12.81_192.168.43.148,0.5123803903076063
70099,26205,100,192.168.3.90_192.168.51.77,0.5111298395591145
